,dtype,missing,missing_percent,unique_nonmissing
destination,str,0,0.0,3
passanger,str,0,0.0,4
weather,str,0,0.0,3
temperature,int64,0,0.0,3
time,str,0,0.0,5
coupon,str,0,0.0,5
expiration,str,0,0.0,2
gender,str,0,0.0,2
age,str,0,0.0,8
maritalStatus,str,0,0.0,5
has_children,int64,0,0.0,2
education,str,0,0.0,6
occupation,str,0,0.0,25
income,str,0,0.0,9
car,str,12576,99.14853358561967,5
Bar,str,107,0.8435824660990224,5
CoffeeHouse,str,217,1.7108167770419427,5
CarryAway,str,151,1.1904761904761905,5
RestaurantLessThan20,str,130,1.0249132765689057,5
Restaurant20To50,str,189,1.490066225165563,5
toCoupon_GEQ5min,int64,0,0.0,1
toCoupon_GEQ15min,int64,0,0.0,2
toCoupon_GEQ25min,int64,0,0.0,2
direction_same,int64,0,0.0,2
direction_opp,int64,0,0.0,2
Y,int64,0,0.0,2
