feature,mean_f1_decrease,std
coupon,0.08579596587777086,0.004606781338165909
CoffeeHouse,0.043428503165254574,0.005400835586120582
expiration,0.02680868578438327,0.0032132609252308367
Bar,0.023230064772553384,0.002210966535624554
maritalStatus,0.013145444400003514,0.0025347351971606014
income,0.012109107303901422,0.0016627742583527716
CarryAway,0.010915860180910286,0.0011879569808859642
Restaurant20To50,0.009818270899735748,0.0019706229142590066
destination,0.008064045279671351,0.0021759514311734955
occupation,0.008057797041660764,0.0015850523067510087
gender,0.007775895122676402,0.00157730222429645
age,0.007143794989051133,0.0011539088933390066
RestaurantLessThan20,0.0068894424604879715,0.0016144695943412037
passanger,0.0068004820649530725,0.0025705534136391687
education,0.005581195432219554,0.0013811039722358917
time,0.0034515071762400095,0.0027108976838868416
has_children,0.0033557188091732472,0.0005515303862907321
toCoupon_GEQ25min,0.0008281506333923216,0.0005720941083991699
direction_opp,0.0005697874385640844,0.0013754158747535004
car,0.0,0.0
toCoupon_GEQ5min,0.0,0.0
direction_same,-0.00023593057518793702,0.0017564354982875679
toCoupon_GEQ15min,-0.0005096493867917217,0.0023138714205342037
temperature,-0.0014260183895288049,0.0004353470474616191
weather,-0.003553671729376329,0.002144491348693598
